{"process": "singlecross", "radius": 20, "concentration": 5, "iterations": 500, "interaction_type": "DQ", "intrinsic": false, "r_components": [0.007430445235580144, 0.014652835456767356, 0.011220175055380564, 0.012337003796205816, 0.001454316479139379, 1.0952652719064093, 0.001101209739300054, 1.116362721089676, 0.011716869875289476, 0.020605771075747105, 1.0948657805366249, 0.5594197166630643, 0.5539633277140396, 0.10381397218227026, 0.547568282346325, 0.5667494285665786, 0.5681995697733883, 0.003982214130565693, 1.1153639627104233, 0.029759516888324306, 0.5455444658528821, 0.04364988244845329, 0.007031510487476029, 1.5662152529159736, 0.03149116417680685, 1.5574852690864658, 1.0101869665063068, 0.10806821106813297, 1.0118672454423594, 0.5532977213366402, 0.0030399327760065, 1.5622018637877122, 1.0188523664355391, 0.01492530436437257, 0.01287889419628077, 1.077342487655679, 0.02157014585446289, 1.011276507159941, 0.021124049607915564, 1.0093297852567793, 1.0133562937902743, 0.6077051441093303, 1.0672231450459322, 0.5588543172909304, 0.02010196120884212, 0.017894336082141214, 0.5467406732603634, 0.5668508517222249, 0.10554962703837241, 1.0634811695950146, 0.024882105361943824, 0.011194663563500639, 1.0138866276300982, 0.6086413862336537, 0.027501888822187324, 0.0017586334014895173, 1.089973576229154, 0.5587080205006147, 0.01126451797326789, 0.5538311070602814, 0.023667883303157482, 0.011056078216185474, 0.6073965994144505, 0.5433313948266768, 0.00892026757919731, 1.07954899341509, 0.0033128362586301507, 0.6480697795973844, 0.5664756792277229, 0.010817132389074478, 0.001995503522235848, 1.0145996052734432, 0.024710671488914662, 0.047890421519106455, 0.06499578942344844, 0.011236367098338062, 0.011114484099956867, 0.010191368200506114, 0.012485870459102306, 1.063799219211202, 0.5590250344428176, 0.547417996839576, 0.0007450575782977047, 0.05839996382310476, 0.0660468621644294, 0.007341865226276619, 0.5527284783790447, 0.047074418213581784, 0.04087932873220661, 0.008426391822393577, 0.005422925923149785, 0.0076198789151746445, 0.003196167433209441, 0.546581218288667, 0.5889168182238146, 0.04544176823303869, 0.015370978858262638, 0.5526295442863111, 0.05685375924294344, 0.04872003143673533, 0.046515449527417915, 0.5962004743400635, 0.5451507138877645, 0.056425317021703864, 0.552694746709749, 0.0031262586041740656, 1.0475957937742604, 1.0129791563259447, 0.001508584280281295, 0.018956032550880686, 0.0942850633536062, 0.014889175135632555, 0.06138510002593048, 0.5471032578137304, 0.0005475953712422565, 0.04640169924658638, 0.544011457276556, 1.0107338074775198, 0.0040358699629711925, 0.016123396233184924, 0.021126793378858574, 0.051506576625264575, 0.0037612017853103164, 1.069338119129149, 0.019941980044337344, 0.004589097247697853, 0.11426682321254682, 0.003626796236583088, 0.5438594079049184, 1.0976256959116848, 0.011962042134521067, 0.04761765953832881, 0.0008877023841184973, 0.018982571244206593, 0.05485767914508952, 0.0009395511046589358, 0.015242310827845286, 0.03866315224618094, 0.01015300932976682, 0.059733954080417165, 0.06285363709376689, 0.013023213708779392, 0.057946878319976275, 1.0282064700649811, 0.0028908702026807878, 0.0077407595923069126, 1.0797238204500872, 0.5659971856784981, 1.0186887527261692, 0.006805254847310812, 0.004289401759101688, 0.003422994422754186, 1.0531358670060311, 0.5445716414390637, 0.05614830410837903, 0.004695406426971674, 1.0041098093775982, 1.5520753998350516, 1.0109240378992097, 0.6040438698702916, 0.0072162759554061165, 0.012452320051103406, 0.055245419633799996, 0.03540317753593488, 0.0032677458256485537, 0.010573679564640703, 0.011561852568007883, 0.5558154257182869, 0.010644511588125875, 0.0030259970609773186, 0.11228638377755407, 0.023826330734032928, 1.1670896963018906, 0.5475077874757628, 0.5976706169895624, 1.0215768365223046, 0.003942469913812417, 1.0584630949107108, 0.5468390527103435, 0.021435072583824925, 1.0242994682060056, 0.001578601392263888, 0.0006086915831188387, 1.5635700226264821, 0.01009385930566796, 0.0012757465260952701, 0.6337114897755338, 0.004004561131767832, 0.051285490423654136, 0.06062019765833002, 0.04994862505404754, 0.008616521327858142, 0.0021079378256213563, 0.0038323967021779634, 0.557774527552864, 0.03877656392439235, 0.0033272360873529494, 0.05592777386865849, 2.013207042061758, 0.02212817376664069, 0.013113882498605426, 1.0801783409252448, 0.022929128568352237, 1.0523114451538556, 0.1304857249994039, 0.003474257756438531, 0.06450118257993323, 0.05802333208481017, 0.002216493703674919, 0.019332372295849633, 0.003585716357461869, 0.012800545518991993, 0.004899587516329966, 0.556549098114238, 0.06208083167546509, 0.011260156289933843, 0.006004995422252779, 0.0014349124117121815, 0.011096394174891326, 0.020680355663694132, 1.0232842930323394, 0.047363896463957535, 0.06716894086970084, 0.040929493510755546, 0.5537675910372479, 0.5457691761368257, 0.04940206137321121, 0.002219779931766213, 1.0580322944070775, 0.008149266697898847, 0.5465563383816335, 0.03810125206138126, 0.025083875127817234, 0.029631107037225293, 1.005279496228672, 0.05108970359054441, 0.01869321291406112, 2.0643255827040736, 1.0018204106061677, 0.06049001261898369, 0.5491635309223359, 0.0547928846251226, 0.004318562202633052, 0.04513230976476108, 0.0916338974648785, 2.001229098682219, 0.0031956463509645334, 0.05694207283638632, 0.0651985645487534, 0.009984552609882161, 0.004108830584180108, 0.02084555038031628, 0.0015946149052338825, 0.0032634164092849756, 1.0005371581828235, 0.01379310798494334, 0.5566341895808415, 0.07350788142357784, 0.00601182499839001, 0.012142823375392912, 0.5460818413328459, 0.11044196561651164, 0.016313243940136595, 0.05268762186492624, 0.014578489022995928, 0.010222309146343957, 0.010381171068442878, 0.05064956854634918, 0.01127654906041691, 0.008814455874280359, 0.009416929271865932, 0.0003825739423835177, 0.021525684885544415, 0.01666687404425585, 0.6305077311081966, 0.01013693637749008, 0.0021071957919232653, 1.088775254072007, 0.0019078380087289722, 1.0230620142161115, 1.011647574896427, 0.0705121501028028, 0.0008573202003937566, 1.001987712850354, 0.06358470305041723, 0.018903817882333297, 1.0012089719206574, 1.0032408685209884, 0.010610892793328653, 1.0110996450692333, 0.01249129372338748, 1.0076486380803427, 0.04435589155159216, 0.011695606689579311, 0.0026779403400913797, 0.0652993889626486, 1.0030836469415252, 1.0498419054614394, 0.011019916624048923, 0.567167037992058, 0.013962263707985484, 0.009931013277450714, 0.0017707176822083532, 0.5982894930633023, 0.013231175122053827, 0.6096134704365, 1.000855533799855, 0.015803359034805002, 0.0017494806996693041, 0.010168025102551364, 1.1038934812182999, 0.5517308843264852, 0.00901484477665227, 1.0280016683384745, 0.5532210783714925, 0.05714216358646568, 0.015539404139462858, 0.5642687634717556, 0.5562497861823282, 0.0017963546532759873, 0.0027512985819190755, 0.010954091854224508, 1.0036362986846161, 0.022044122980269573, 0.005282964915105767, 1.088084306228684, 0.03703306504576007, 1.0906622757429432, 0.011172343233556791, 0.05763420494791986, 0.011909286181340911, 0.004225456933596128, 0.003217118293076165, 0.04125079990333607, 1.0098184724946309, 1.5729184608824105, 0.012585023755188498, 1.000668679475797, 1.056620225381009, 0.07470186532950376, 0.05015047522385892, 0.010015826850064734, 0.011020944122934006, 0.047058404832929626, 0.00416624654663039, 0.0021149038539293044, 0.066712415897079, 1.0289952140345682, 0.0005079368299431656, 0.06613059751222752, 1.0097135697233395, 1.5779741735675963, 0.01978112750827162, 0.5545633824401148, 1.012794952186659, 0.0684851329374562, 0.012347151251702371, 1.0686400553643276, 1.002538486913053, 0.011066316002453211, 0.056649858704571565, 0.006840056350934836, 0.06917144007210368, 1.1004022926462147, 0.06710762064518874, 0.027708993511099664, 0.04758738911384832, 1.004607263481702, 0.015265177313397658, 0.038577610486827944, 0.5703115229608597, 0.019506009471793765, 0.02452190951201115, 